path,heading,date,topic
bash/generate-random-secret.md,Generate a random secret,2022-07-07,bash
bash/kill-command-after-timeout.md,Kill command after a timeout,2022-06-14,bash
bash/load-environment-variables-from-file.md,Load environment variables from file,2022-11-10,bash
bash/template-shell-script.md,Template shell script,2022-11-19,bash
css/masonry-layout-with-clean-bottom-edge.md,Masonry layout with a clean bottom edge,2022-07-29,css
css/play-and-pause-animations-on-hover.md,Play and pause animations on hover,2023-03-27,css
git/get-date-of-first-commit.md,Find the creation date of a file in a repository,2022-03-29,git
github-actions/checkout-full-history-of-repo.md,Checkout the full history of a repository,2022-03-29,github-actions
github-actions/load-secret-env-variables-using-dotenv.md,Load secret environment variables using dotenv,2022-06-14,github-actions
github-actions/run-python-script.md,Run Python script in GitHub actions,2022-03-28,github-actions
github-actions/run-action-in-templated-repo-only.md,Run action in a templated repository only,2022-06-14,github-actions
google-cloud-platform/sync-compressed-files-to-storage.md,Sync compressed files to Google Cloud Storage,2022-11-19,google-cloud-platform
google-cloud-platform/write-temporary-files-from-cloud-functions.md,Write temporary files from Cloud Functions,2022-11-10,google-cloud-platform
google-sheets/import-data-from-a-table-within-an-html-page.md,Import data from a table within an HTML page,2022-10-08,google-sheets
google-sheets/run-js-via-app-scripts.md,Run javascript code on Google sheets via Apps Script,2022-03-29,google-sheets
html/remove-whitespace-between-inline-elements.md,Remove whitespace between inline elements,2022-04-15,html
html/render-js-object-in-pretty-format.md,Render a javascript object in pretty format,2022-03-30,html
iframes/set-iframe-height-to-the-height-of-its-content.md,Set a cross-domain iframe's height to the height of its content,2022-03-28,iframes
javascript/assign-default-values-when-destructuring-an-object-or-array.md,Assign default values when destructuring an object or array,2022-04-16,javascript
javascript/copy-to-clipboard.md,Copy to clipboard,2022-10-06,javascript
javascript/execute-code-privately-using-iifes.md,Execute code privately using IIFEs,2022-03-29,javascript
javascript/get-computed-styles-of-an-element.md,Get computed styles of an element on the page,2022-12-23,javascript
javascript/make-everything-on-a-website-editable.md,Make everything on a website editable,2022-04-16,javascript
javascript/store-data-in-local-storage.md,Store data in local storage,2022-09-30,javascript
maps/rendering-bing-tiles-with-maplibre.md,Rendering Bing tiles with MapLibre,2022-12-22,maps
sqlite/import-csv-data-into-sqlite.md,Import CSV data into SQLite,2022-03-29,sqlite
style-dictionary/custom-transform-to-remove-units.md,Custom transform that removes units,2022-06-14,style-dictionary
svelte/type-component-parameters-when-spreading-restprops.md,Type component parameters when spreading `$$restProps`,2022-12-09,svelte
sveltekit/collect-all-routes.md,Collect all routes in a SvelteKit application (development only),2022-03-31,sveltekit
